Name,Surname,DisplayName,Country,EmployeeID,EmployeeNumber,EmailAddress,Department,Credential
Aaren,SMITH,,,,,,,;+|kT/hI4h-3
Aarika,JOHNSON,,,,,,,9_PJ'5rFd<Ft'#
Aaron,WILLIAMS,,,,,,,9R*\Cvd(`rH*B
Aartjan,JONES,,,,,,,si-TA3'tlz.=
Abagael,BROWN,,,,,,,"x,/->slr5BE,6`"
Abagail,DAVIS,,,,,,,ABiq>`Mjy;io_3'
Abahri,MILLER,,,,,,,|OXHbY\v+yj5jTN?
Abbas,WILSON,,,,,,,%?goG+:W4PIcla*f
Abbe,MOORE,,,,,,,$;BR7l&V7~O}Hz
Abbey,TAYLOR,,,,,,,MF:]f6XwYRB2
Abbi,ANDERSON,,,,,,,C\X3qK&*AJ]S
Abbie,THOMAS,,,,,,,1MVu:6U~%fUuE
Abby,JACKSON,,,,,,,diUj2Lhp2sF#1[O
Abbye,WHITE,,,,,,,6Fr$d~x>e6K1ZB)2
Abdalla,HARRIS,,,,,,,%j#;}a-?999E%Q{
Abdallah,MARTIN,,,,,,,"1,@Pl2,5QGHq+n"
Abdul,THOMPSON,,,,,,,"gr],[K)wp3F}QTY"
Abdullah,GARCIA,,,,,,,RY^x8|>Y<;2%LEc
Abe,MARTINEZ,,,,,,,yoz{{Mc!X9JD
Abel,ROBINSON,,,,,,,V8k]8zab*1G8SEU
Abigael,CLARK,,,,,,,r65AJTX8#4?{
Abigail,RODRIGUEZ,,,,,,,"zS=+}):\bY8
o'9O(>&vXv)4m
C2zpEzDSPTFwlnU`
1P5XbEJ03i7&Rx*:
]9L^CV?:$nWVpzU
X3o_@||]XK4H
<UFq<bSA8G91!.F"
Abigale,LEWIS,,,,,,,<T6ub'3w{i)R%
Abra,LEE,,,,,,,$X6xlBC[2gHBq
Abraham,WALKER,,,,,,,c<Ha1_G0Dyz&
Abu,HALL,,,,,,,%DL}L49>l2Ap?
Access,ALLEN,,,,,,,"}""""t<M6s+y4K"
Accounting,YOUNG,,,,,,,A6:fHjsw2G_V@
Achal,HERNANDEZ,,,,,,,{/3.Dc.Nx(B<6
Achamma,KING,,,,,,,"Jm4/Nu12.EB:""6z"
Action,WRIGHT,,,,,,,FHcU9/m5|4db[7w
Ada,LOPEZ,,,,,,,/e)M-1_:3^yS}V
Adah,HILL,,,,,,,")/WC_b,O/,o6$,N$"
Adaline,SCOTT,,,,,,,"~&+,/`KTq_@3aR="
Adam,GREEN,,,,,,,L|=c%)4=sug$$
Adan,ADAMS,,,,,,,YuM=m25Lq4'b%A&f
Adara,BAKER,,,,,,,"r,u4F+8~k{}`TfV"
Adda,GONZALEZ,,,,,,,hu/<63~vXPoWQW+#
Addi,NELSON,,,,,,,"DZolr%7.4~v?dH
0Q`;kGF1ogLz'lnG
57|7viA'j~And.
u@N4_{M{0k1}
9U'ps3N{4[Rdkh:B
XCN2smS>c@C#}8
$Hv0],7M-O.Hr
1$7#)u||>+k-2Sy
I[0oe]0*TV5>XC(? 
&SSzQYn4<&`"
Addia,CARTER,,,,,,,"`:ie\!P~mF2""9Ag"
Addie,MITCHELL,,,,,,,Y]_H2Cm9&.5SG
Addons,PEREZ,,,,,,,^\cVB2]i|cn^L
Addy,ROBERTS,,,,,,,L_t)l2U<[DH3K
Adel,TURNER,,,,,,,}jeJzzb/S5&}
Adela,PHILLIPS,,,,,,,"6:wy=,HN/88J@"
Adelaida,CAMPBELL,,,,,,,"Ug9z?S<#n&B@6i"""
Adelaide,PARKER,,,,,,,)eq1yV$Y/C:l
Adele,EVANS,,,,,,,OtPFJ7#1?_rZq
Adelheid,EDWARDS,,,,,,,8N5pRs3<+ld@
Adelia,COLLINS,,,,,,,"B5!I',2)id9k~"
Adelice,STEWART,,,,,,,95U=tK'6#~Ec2
Adelina,SANCHEZ,,,,,,,bsDXv/1\hxzK
Adelind,MORRIS,,,,,,,qP`DHUg:-{L2
Adeline,ROGERS,,,,,,,"4e)97''g,kYxVBM"
Adella,REED,,,,,,,sE`mnKX4[z7&Z7{
Adelle,COOK,,,,,,,"7xRw~xPw""sWo=Z"
Adena,MORGAN,,,,,,,W9H4gH_??HdYm:y
Adeniyi,BELL,,,,,,,6C{]X8N/uUF7
Adey,MURPHY,,,,,,,6:\k6mQ6fx^E
Adi,BAILEY,,,,,,,}pTRd=z4!}A)`C
Adiana,RIVERA,,,,,,,-@Q|<rsYk5a7PN
Adie,COOPER,,,,,,,j~H~5B]>@k3=/L
Adina,RICHARDSON,,,,,,,"*l:""Pmm'b5[{"
Aditya,COX,,,,,,,M`bGi7d\7B1~!
Admin,HOWARD,,,,,,,aNYLG(pYs*{R2a
Adnan,WARD,,,,,,,T?DOd_A04lHfjl
Adora,TORRES,,,,,,,!~xu:X3A&fc4)XB
Adore,PETERSON,,,,,,,9D[6^xi4MRXdB]-
Adoree,GRAY,,,,,,,@Zg4w8`JqO/`
Adorne,RAMIREZ,,,,,,,MY9UO3^=nE79x$&
Adrea,JAMES,,,,,,,|A;H6_pdp7Mcj=*H
Adri,WATSON,,,,,,,"7>{O*@u,saD5Ts"
Adria,BROOKS,,,,,,,&j6~*@vVpM1%gXW
Adriaens,KELLY,,,,,,,"KP+Oc""n10bejxw01"
Adrian,SANDERS,,,,,,,Ovp].\U*[9YB1
Adriana,PRICE,,,,,,,Y_ZA4>7\He2r;{
Adriane,BENNETT,,,,,,,F?8F8Zn1!&zI1]3
Adrianna,WOOD,,,,,,,%xm5bw.%CDef8
Adrianne,BARNES,,,,,,,n+z\K#G>9rI[+&?
Adrie,ROSS,,,,,,,"Bg3>T9-IQ,eW"
Adrien,HENDERSON,,,,,,,[>jr!?}HN&2|x$=
Adriena,COLEMAN,,,,,,,jN*(AB0xe{-h'}7r
Adrienne,JENKINS,,,,,,,^e66Of.4VA@Cqe
Advance,PERRY,,,,,,,~zp:&f'2h%Up93
Aeriel,POWELL,,,,,,,HGlF14_@Xx3g
Aeriela,LONG,,,,,,,yoz{{Mc!X9JD
Aeriell,PATTERSON,,,,,,,V8k]8zab*1G8SEU
Afif,HUGHES,,,,,,,r65AJTX8#4?{
Afke,FLORES,,,,,,,"zS=+}):\bY8
o'9O(>&vXv)4m
C2zpEzDSPTFwlnU`
1P5XbEJ03i7&Rx*:
]9L^CV?:$nWVpzU
X3o_@||]XK4H
<UFq<bSA8G91!.F"
Afton,WASHINGTON,,,,,,,<T6ub'3w{i)R%
Afzal,BUTLER,,,,,,,$X6xlBC[2gHBq
Ag,SIMMONS,,,,,,,c<Ha1_G0Dyz&
Agace,FOSTER,,,,,,,%DL}L49>l2Ap?
Agata,GONZALES,,,,,,,"}""""t<M6s+y4K"
Agatha,BRYANT,,,,,,,A6:fHjsw2G_V@
Agathe,ALEXANDER,,,,,,,{/3.Dc.Nx(B<6
Agenia,RUSSELL,,,,,,,"Jm4/Nu12.EB:""6z"
Aggi,GRIFFIN,,,,,,,FHcU9/m5|4db[7w
Aggie,DIAZ,,,,,,,"}""""t<M6s+y4K"
