"Name","Surname","DisplayName","Country","EmployeeID","EmployeeNumber","EmailAddress","Department","Credential"
"Aaren","SMITH","Aaren.SMITH","AUS","5001","5001","Aaren.SMITH@ThroughTheTrees.com","IT",";+|kT/hI4h-3"
"Aarika","JOHNSON","Aarika.JOHNSON","AUS","5002","5002","Aarika.JOHNSON@ThroughTheTrees.com","IT","9_PJ'5rFd<Ft'#"
"Aaron","WILLIAMS","Aaron.WILLIAMS","AUS","5003","5003","Aaron.WILLIAMS@ThroughTheTrees.com","Chefs","9R*\Cvd(`rH*B"
"Aartjan","JONES","Aartjan.JONES","AUS","5004","5004","Aartjan.JONES@ThroughTheTrees.com","Marketing","si-TA3'tlz.="
"Abagael","BROWN","Abagael.BROWN","AUS","5005","5005","Abagael.BROWN@ThroughTheTrees.com","Chefs","x,/->slr5BE,6`"
"Abagail","DAVIS","Abagail.DAVIS","AUS","5006","5006","Abagail.DAVIS@ThroughTheTrees.com","Electricians","ABiq>`Mjy;io_3'"
"Abahri","MILLER","Abahri.MILLER","AUS","5007","5007","Abahri.MILLER@ThroughTheTrees.com","Cleaners","|OXHbY\v+yj5jTN?"
"Abbas","WILSON","Abbas.WILSON","AUS","5008","5008","Abbas.WILSON@ThroughTheTrees.com","Marketing","%?goG+:W4PIcla*f"
"Abbe","MOORE","Abbe.MOORE","AUS","5009","5009","Abbe.MOORE@ThroughTheTrees.com","Cleaners","$;BR7l&V7~O}Hz"
"Abbey","TAYLOR","Abbey.TAYLOR","AUS","5010","5010","Abbey.TAYLOR@ThroughTheTrees.com","Chefs","MF:]f6XwYRB2"
"Abbi","ANDERSON","Abbi.ANDERSON","AUS","5011","5011","Abbi.ANDERSON@ThroughTheTrees.com","SkyDivers","C\X3qK&*AJ]S"
"Abbie","THOMAS","Abbie.THOMAS","AUS","5012","5012","Abbie.THOMAS@ThroughTheTrees.com","IT","1MVu:6U~%fUuE"
"Abby","JACKSON","Abby.JACKSON","AUS","5013","5013","Abby.JACKSON@ThroughTheTrees.com","IT","diUj2Lhp2sF#1[O"
"Abbye","WHITE","Abbye.WHITE","AUS","5014","5014","Abbye.WHITE@ThroughTheTrees.com","Chefs","6Fr$d~x>e6K1ZB)2"
"Abdalla","HARRIS","Abdalla.HARRIS","AUS","5015","5015","Abdalla.HARRIS@ThroughTheTrees.com","Chefs","%j#;}a-?999E%Q{"
"Abdallah","MARTIN","Abdallah.MARTIN","AUS","5016","5016","Abdallah.MARTIN@ThroughTheTrees.com","SkyDivers","1,@Pl2,5QGHq+n"
"Abdul","THOMPSON","Abdul.THOMPSON","AUS","5017","5017","Abdul.THOMPSON@ThroughTheTrees.com","Marketing","gr],[K)wp3F}QTY"
"Abdullah","GARCIA","Abdullah.GARCIA","AUS","5018","5018","Abdullah.GARCIA@ThroughTheTrees.com","Chefs","RY^x8|>Y<;2%LEc"
"Abe","MARTINEZ","Abe.MARTINEZ","AUS","5019","5019","Abe.MARTINEZ@ThroughTheTrees.com","IT","yoz{{Mc!X9JD"
"Abel","ROBINSON","Abel.ROBINSON","AUS","5020","5020","Abel.ROBINSON@ThroughTheTrees.com","SkyDivers","V8k]8zab*1G8SEU"
"Abigael","CLARK","Abigael.CLARK","AUS","5021","5021","Abigael.CLARK@ThroughTheTrees.com","Electricians","r65AJTX8#4?{"
"Abigail","RODRIGUEZ","Abigail.RODRIGUEZ","AUS","5022","5022","Abigail.RODRIGUEZ@ThroughTheTrees.com","Marketing","zS=+}):\bY8
o'9O(>&vXv)4m
C2zpEzDSPTFwlnU`
1P5XbEJ03i7&Rx*:
]9L^CV?:$nWVpzU
X3o_@||]XK4H
<UFq<bSA8G91!.F"
"Abigale","LEWIS","Abigale.LEWIS","AUS","5023","5023","Abigale.LEWIS@ThroughTheTrees.com","Marketing","<T6ub'3w{i)R%"
"Abra","LEE","Abra.LEE","AUS","5024","5024","Abra.LEE@ThroughTheTrees.com","Marketing","$X6xlBC[2gHBq"
"Abraham","WALKER","Abraham.WALKER","AUS","5025","5025","Abraham.WALKER@ThroughTheTrees.com","Marketing","c<Ha1_G0Dyz&"
"Abu","HALL","Abu.HALL","AUS","5026","5026","Abu.HALL@ThroughTheTrees.com","SkyDivers","%DL}L49>l2Ap?"
"Access","ALLEN","Access.ALLEN","AUS","5027","5027","Access.ALLEN@ThroughTheTrees.com","IT","}""""t<M6s+y4K"
"Accounting","YOUNG","Accounting.YOUNG","AUS","5028","5028","Accounting.YOUNG@ThroughTheTrees.com","SkyDivers","A6:fHjsw2G_V@"
"Achal","HERNANDEZ","Achal.HERNANDEZ","AUS","5029","5029","Achal.HERNANDEZ@ThroughTheTrees.com","Electricians","{/3.Dc.Nx(B<6"
"Achamma","KING","Achamma.KING","AUS","5030","5030","Achamma.KING@ThroughTheTrees.com","Electricians","Jm4/Nu12.EB:""6z"
"Action","WRIGHT","Action.WRIGHT","AUS","5031","5031","Action.WRIGHT@ThroughTheTrees.com","IT","FHcU9/m5|4db[7w"
"Ada","LOPEZ","Ada.LOPEZ","AUS","5032","5032","Ada.LOPEZ@ThroughTheTrees.com","Electricians","/e)M-1_:3^yS}V"
"Adah","HILL","Adah.HILL","AUS","5033","5033","Adah.HILL@ThroughTheTrees.com","Electricians",")/WC_b,O/,o6$,N$"
"Adaline","SCOTT","Adaline.SCOTT","AUS","5034","5034","Adaline.SCOTT@ThroughTheTrees.com","Chefs","~&+,/`KTq_@3aR="
"Adam","GREEN","Adam.GREEN","AUS","5035","5035","Adam.GREEN@ThroughTheTrees.com","IT","L|=c%)4=sug$$"
"Adan","ADAMS","Adan.ADAMS","AUS","5036","5036","Adan.ADAMS@ThroughTheTrees.com","IT","YuM=m25Lq4'b%A&f"
"Adara","BAKER","Adara.BAKER","AUS","5037","5037","Adara.BAKER@ThroughTheTrees.com","SkyDivers","r,u4F+8~k{}`TfV"
"Adda","GONZALEZ","Adda.GONZALEZ","AUS","5038","5038","Adda.GONZALEZ@ThroughTheTrees.com","SkyDivers","hu/<63~vXPoWQW+#"
"Addi","NELSON","Addi.NELSON","AUS","5039","5039","Addi.NELSON@ThroughTheTrees.com","IT","DZolr%7.4~v?dH
0Q`;kGF1ogLz'lnG
57|7viA'j~And.
u@N4_{M{0k1}
9U'ps3N{4[Rdkh:B
XCN2smS>c@C#}8
$Hv0],7M-O.Hr
1$7#)u||>+k-2Sy
I[0oe]0*TV5>XC(? 
&SSzQYn4<&`"
"Addia","CARTER","Addia.CARTER","AUS","5040","5040","Addia.CARTER@ThroughTheTrees.com","Electricians","`:ie\!P~mF2""9Ag"
"Addie","MITCHELL","Addie.MITCHELL","AUS","5041","5041","Addie.MITCHELL@ThroughTheTrees.com","SkyDivers","Y]_H2Cm9&.5SG"
"Addons","PEREZ","Addons.PEREZ","AUS","5042","5042","Addons.PEREZ@ThroughTheTrees.com","Marketing","^\cVB2]i|cn^L"
"Addy","ROBERTS","Addy.ROBERTS","AUS","5043","5043","Addy.ROBERTS@ThroughTheTrees.com","Electricians","L_t)l2U<[DH3K"
"Adel","TURNER","Adel.TURNER","AUS","5044","5044","Adel.TURNER@ThroughTheTrees.com","Electricians","}jeJzzb/S5&}"
"Adela","PHILLIPS","Adela.PHILLIPS","AUS","5045","5045","Adela.PHILLIPS@ThroughTheTrees.com","Chefs","6:wy=,HN/88J@"
"Adelaida","CAMPBELL","Adelaida.CAMPBELL","AUS","5046","5046","Adelaida.CAMPBELL@ThroughTheTrees.com","Marketing","Ug9z?S<#n&B@6i"""
"Adelaide","PARKER","Adelaide.PARKER","AUS","5047","5047","Adelaide.PARKER@ThroughTheTrees.com","IT",")eq1yV$Y/C:l"
"Adele","EVANS","Adele.EVANS","AUS","5048","5048","Adele.EVANS@ThroughTheTrees.com","Cleaners","OtPFJ7#1?_rZq"
"Adelheid","EDWARDS","Adelheid.EDWARDS","AUS","5049","5049","Adelheid.EDWARDS@ThroughTheTrees.com","IT","8N5pRs3<+ld@"
"Adelia","COLLINS","Adelia.COLLINS","AUS","5050","5050","Adelia.COLLINS@ThroughTheTrees.com","SkyDivers","B5!I',2)id9k~"
"Adelice","STEWART","Adelice.STEWART","AUS","5051","5051","Adelice.STEWART@ThroughTheTrees.com","Electricians","95U=tK'6#~Ec2"
"Adelina","SANCHEZ","Adelina.SANCHEZ","AUS","5052","5052","Adelina.SANCHEZ@ThroughTheTrees.com","SkyDivers","bsDXv/1\hxzK"
"Adelind","MORRIS","Adelind.MORRIS","AUS","5053","5053","Adelind.MORRIS@ThroughTheTrees.com","Cleaners","qP`DHUg:-{L2"
"Adeline","ROGERS","Adeline.ROGERS","AUS","5054","5054","Adeline.ROGERS@ThroughTheTrees.com","IT","4e)97''g,kYxVBM"
"Adella","REED","Adella.REED","AUS","5055","5055","Adella.REED@ThroughTheTrees.com","SkyDivers","sE`mnKX4[z7&Z7{"
"Adelle","COOK","Adelle.COOK","AUS","5056","5056","Adelle.COOK@ThroughTheTrees.com","Cleaners","7xRw~xPw""sWo=Z"
"Adena","MORGAN","Adena.MORGAN","AUS","5057","5057","Adena.MORGAN@ThroughTheTrees.com","SkyDivers","W9H4gH_??HdYm:y"
"Adeniyi","BELL","Adeniyi.BELL","AUS","5058","5058","Adeniyi.BELL@ThroughTheTrees.com","Cleaners","6C{]X8N/uUF7"
"Adey","MURPHY","Adey.MURPHY","AUS","5059","5059","Adey.MURPHY@ThroughTheTrees.com","IT","6:\k6mQ6fx^E"
"Adi","BAILEY","Adi.BAILEY","AUS","5060","5060","Adi.BAILEY@ThroughTheTrees.com","SkyDivers","}pTRd=z4!}A)`C"
"Adiana","RIVERA","Adiana.RIVERA","AUS","5061","5061","Adiana.RIVERA@ThroughTheTrees.com","Chefs","-@Q|<rsYk5a7PN"
"Adie","COOPER","Adie.COOPER","AUS","5062","5062","Adie.COOPER@ThroughTheTrees.com","Electricians","j~H~5B]>@k3=/L"
"Adina","RICHARDSON","Adina.RICHARDSON","AUS","5063","5063","Adina.RICHARDSON@ThroughTheTrees.com","IT","*l:""Pmm'b5[{"
"Aditya","COX","Aditya.COX","AUS","5064","5064","Aditya.COX@ThroughTheTrees.com","Electricians","M`bGi7d\7B1~!"
"Admin","HOWARD","Admin.HOWARD","AUS","5065","5065","Admin.HOWARD@ThroughTheTrees.com","IT","aNYLG(pYs*{R2a"
"Adnan","WARD","Adnan.WARD","AUS","5066","5066","Adnan.WARD@ThroughTheTrees.com","Electricians","T?DOd_A04lHfjl"
"Adora","TORRES","Adora.TORRES","AUS","5067","5067","Adora.TORRES@ThroughTheTrees.com","Chefs","!~xu:X3A&fc4)XB"
"Adore","PETERSON","Adore.PETERSON","AUS","5068","5068","Adore.PETERSON@ThroughTheTrees.com","IT","9D[6^xi4MRXdB]-"
"Adoree","GRAY","Adoree.GRAY","AUS","5069","5069","Adoree.GRAY@ThroughTheTrees.com","Cleaners","@Zg4w8`JqO/`"
"Adorne","RAMIREZ","Adorne.RAMIREZ","AUS","5070","5070","Adorne.RAMIREZ@ThroughTheTrees.com","Electricians","MY9UO3^=nE79x$&"
"Adrea","JAMES","Adrea.JAMES","AUS","5071","5071","Adrea.JAMES@ThroughTheTrees.com","SkyDivers","|A;H6_pdp7Mcj=*H"
"Adri","WATSON","Adri.WATSON","AUS","5072","5072","Adri.WATSON@ThroughTheTrees.com","IT","7>{O*@u,saD5Ts"
"Adria","BROOKS","Adria.BROOKS","AUS","5073","5073","Adria.BROOKS@ThroughTheTrees.com","Electricians","&j6~*@vVpM1%gXW"
"Adriaens","KELLY","Adriaens.KELLY","AUS","5074","5074","Adriaens.KELLY@ThroughTheTrees.com","IT","KP+Oc""n10bejxw01"
"Adrian","SANDERS","Adrian.SANDERS","AUS","5075","5075","Adrian.SANDERS@ThroughTheTrees.com","Chefs","Ovp].\U*[9YB1"
"Adriana","PRICE","Adriana.PRICE","AUS","5076","5076","Adriana.PRICE@ThroughTheTrees.com","SkyDivers","Y_ZA4>7\He2r;{"
"Adriane","BENNETT","Adriane.BENNETT","AUS","5077","5077","Adriane.BENNETT@ThroughTheTrees.com","Chefs","F?8F8Zn1!&zI1]3"
"Adrianna","WOOD","Adrianna.WOOD","AUS","5078","5078","Adrianna.WOOD@ThroughTheTrees.com","Marketing","%xm5bw.%CDef8"
"Adrianne","BARNES","Adrianne.BARNES","AUS","5079","5079","Adrianne.BARNES@ThroughTheTrees.com","Chefs","n+z\K#G>9rI[+&?"
"Adrie","ROSS","Adrie.ROSS","AUS","5080","5080","Adrie.ROSS@ThroughTheTrees.com","Marketing","Bg3>T9-IQ,eW"
"Adrien","HENDERSON","Adrien.HENDERSON","AUS","5081","5081","Adrien.HENDERSON@ThroughTheTrees.com","Electricians","[>jr!?}HN&2|x$="
"Adriena","COLEMAN","Adriena.COLEMAN","AUS","5082","5082","Adriena.COLEMAN@ThroughTheTrees.com","Cleaners","jN*(AB0xe{-h'}7r"
"Adrienne","JENKINS","Adrienne.JENKINS","AUS","5083","5083","Adrienne.JENKINS@ThroughTheTrees.com","Marketing","^e66Of.4VA@Cqe"
"Advance","PERRY","Advance.PERRY","AUS","5084","5084","Advance.PERRY@ThroughTheTrees.com","Marketing","~zp:&f'2h%Up93"
"Aeriel","POWELL","Aeriel.POWELL","AUS","5085","5085","Aeriel.POWELL@ThroughTheTrees.com","SkyDivers","HGlF14_@Xx3g"
"Aeriela","LONG","Aeriela.LONG","AUS","5086","5086","Aeriela.LONG@ThroughTheTrees.com","IT","yoz{{Mc!X9JD"
"Aeriell","PATTERSON","Aeriell.PATTERSON","AUS","5087","5087","Aeriell.PATTERSON@ThroughTheTrees.com","Chefs","V8k]8zab*1G8SEU"
"Afif","HUGHES","Afif.HUGHES","AUS","5088","5088","Afif.HUGHES@ThroughTheTrees.com","SkyDivers","r65AJTX8#4?{"
"Afke","FLORES","Afke.FLORES","AUS","5089","5089","Afke.FLORES@ThroughTheTrees.com","Chefs","zS=+}):\bY8
o'9O(>&vXv)4m
C2zpEzDSPTFwlnU`
1P5XbEJ03i7&Rx*:
]9L^CV?:$nWVpzU
X3o_@||]XK4H
<UFq<bSA8G91!.F"
"Afton","WASHINGTON","Afton.WASHINGTON","AUS","5090","5090","Afton.WASHINGTON@ThroughTheTrees.com","Electricians","<T6ub'3w{i)R%"
"Afzal","BUTLER","Afzal.BUTLER","AUS","5091","5091","Afzal.BUTLER@ThroughTheTrees.com","Marketing","$X6xlBC[2gHBq"
"Ag","SIMMONS","Ag.SIMMONS","AUS","5092","5092","Ag.SIMMONS@ThroughTheTrees.com","Marketing","c<Ha1_G0Dyz&"
"Agace","FOSTER","Agace.FOSTER","AUS","5093","5093","Agace.FOSTER@ThroughTheTrees.com","Cleaners","%DL}L49>l2Ap?"
"Agata","GONZALES","Agata.GONZALES","AUS","5094","5094","Agata.GONZALES@ThroughTheTrees.com","SkyDivers","}""""t<M6s+y4K"
"Agatha","BRYANT","Agatha.BRYANT","AUS","5095","5095","Agatha.BRYANT@ThroughTheTrees.com","Chefs","A6:fHjsw2G_V@"
"Agathe","ALEXANDER","Agathe.ALEXANDER","AUS","5096","5096","Agathe.ALEXANDER@ThroughTheTrees.com","SkyDivers","{/3.Dc.Nx(B<6"
"Agenia","RUSSELL","Agenia.RUSSELL","AUS","5097","5097","Agenia.RUSSELL@ThroughTheTrees.com","Electricians","Jm4/Nu12.EB:""6z"
"Aggi","GRIFFIN","Aggi.GRIFFIN","AUS","5098","5098","Aggi.GRIFFIN@ThroughTheTrees.com","SkyDivers","FHcU9/m5|4db[7w"
"Aggie","DIAZ","Aggie.DIAZ","AUS","5099","5099","Aggie.DIAZ@ThroughTheTrees.com","Cleaners","}""""t<M6s+y4K"
